"Name","Gross Export","Code","Sector","Share"
"Business",539236999999,"ict","Services",18.09488276751917
"Insurance & finance",200445000000,"financial","Services",6.726223861385821
"Travel & tourism",189133999999,"travel","Services",6.3466667853656595
"Transport",97777000000,"transport","Services",3.281049617075614
"Medical instruments",34745526621,"9018","Machinery",1.1659367419221556
"Machines n.e.c.",26983394575,"8479","Machinery",0.905467097964797
"Computers",22748628509,"8471","Machinery",0.7633633559881142
"Parts and accessories for office machines",22102952860,"8473","Machinery",0.7416967693582678
"Gas turbines",15130880390,"8411","Machinery",0.5077387249519459
"Appliances for thermostatically controlled valves",12808872404,"8481","Machinery",0.42982036569249005
"Centrifuges",12266848018,"8421","Machinery",0.4116319481287383
"Orthopedic appliances",12250689236,"9021","Machinery",0.4110897166684409
"Instruments for physical or chemical analysis",10381696332,"9027","Machinery",0.34837293816238896
"Pumps for liquids",8865680399,"8413","Machinery",0.29750081592044886
"Transmission shafts",8047066260,"8483","Machinery",0.27003102642702365
"Spark-ignition reciprocating internal combustion piston engines",7365035252,"8407","Machinery",0.24714448278555282
"Pumps, compressors, fans, etc.",7335464313,"8414","Machinery",0.24615218686644588
"Compression-ignition internal combustion piston engines",7290543102,"8408","Machinery",0.2446447902174372
"Parts for use with hoists and excavation machinery",7122520719,"8431","Machinery",0.23900655448303873
"Measuring instruments",7023661390,"9031","Machinery",0.23568918574028938
"Parts suitable for use with spark-ignition engines",5802944290,"8409","Machinery",0.19472624585143355
"Instruments for measuring electricity",5608285083,"9030","Machinery",0.18819417269938765
"Self-propelled bulldozers, excavators and road rollers",5475062558,"8429","Machinery",0.18372369687545057
"Harvesting or agricultural machinery",4859221515,"8433","Machinery",0.16305825389484577
"Equipment for temperature change of materials",4403435417,"8419","Machinery",0.14776368766443077
"X-ray machines",4192070156,"9022","Machinery",0.1406710185431943
"Instruments for measuring properties of liquids or gases",4107039845,"9026","Machinery",0.137817702637139
"Munitions of war",4026860651,"9306","Machinery",0.13512717302617597
"Other engines and motors",3861975126,"8412","Machinery",0.1295941991298347
"Games",3503970237,"9504","Machinery",0.11758082375561942
"Liquid crystal devices",3385356346,"9013","Machinery",0.11360056191852684
"Automatic regulating instruments",3265059810,"9032","Machinery",0.10956383647820528
"Optical fibers",3152869188,"9001","Machinery",0.10579911678592002
"Sprays and powder dispersers",2811429752,"8424","Machinery",0.09434161930959825
"Air conditioners",2784671183,"8415","Machinery",0.09344369656119175
"Refrigerators, freezers",2765493468,"8418","Machinery",0.09280016040793347
"Printers and copiers",2546103373,"8443","Machinery",0.08543820629612874
"Fork-lift trucks",2492593273,"8427","Machinery",0.08364259696965443
"Ball or roller bearings",2471282291,"8482","Machinery",0.08292747593576502
"Other moving, excavating or boring machinery",2345397465,"8430","Machinery",0.07870322728687079
"Parts and accessories for metal working machines",2251214358,"8466","Machinery",0.07554277598280806
"Sports equipment",1933132955,"9506","Machinery",0.0648690913175798
"Other lifting machinery",1874784528,"8428","Machinery",0.0629111248830879
"Machinery parts, not containing electrical features, n.e.c.",1802671300,"8485","Machinery",0.06049126050684925
"Therapy applicances",1798750805,"9019","Machinery",0.06035970258813117
"Machinery for working rubber or plastics",1698044593,"8477","Machinery",0.05698035899690077
"Surveying instruments",1667444976,"9015","Machinery",0.055953544289551294
"Dish washing machines",1305845721,"8422","Machinery",0.043819554730119344
"Toys",1209974739,"9503","Machinery",0.040602464322561704
"Machinery for the industrial preparation of food or drink",1132460850,"8438","Machinery",0.03800137290206924
"Navigational instruments",1128349246,"9014","Machinery",0.03786340204256479
"Machinery for working minerals",1122450906,"8474","Machinery",0.03766547465474985
"Thermometers, hydrometers etc.",971634040,"9025","Machinery",0.032604595097820877
"Watches with precious metal",945236289,"9101","Machinery",0.031718780122824634
"Molding boxes for metal foundry",911272200,"8480","Machinery",0.03057906565819827
"Machinery for soil preparation or cultivation",806028337,"8432","Machinery",0.027047454579972218
"Other agricultural machinery",786959832,"8436","Machinery",0.026407583127294652
"Lenses and other optical elements",726990138,"9002","Machinery",0.02439521271774188
"Machine tools for molding and forging metals",720789134,"8462","Machinery",0.02418712899867007
"Gaskets and similar joints of metal sheeting",692469740,"8484","Machinery",0.023236830494527853
"Machines for testing the mechanical properties of materials",679229048,"9024","Machinery",0.022792519793479384
"Watches",661666827,"9102","Machinery",0.02220319389386038
"Gas, liquid or electricity meters",642508201,"9028","Machinery",0.021560298299794344
"Other parts for machines and appliances",613656981,"9033","Machinery",0.020592153599781414
"Tools for hand working, pneumatic, hydraulic motors",607343128,"8467","Machinery",0.020380283068184804
"Glasses",600127739,"9004","Machinery",0.02013816018329877
"Pulleys and winches",578757496,"8425","Machinery",0.01942105056025897
"Other machinery for making paper",570400670,"8441","Machinery",0.019140625094686618
"Parts of military weapons",556173657,"9305","Machinery",0.018663216956210496
"Machining centers for working metal",548778788,"8457","Machinery",0.018415071358567143
"Other breathing appliances and gas masks",545895305,"9020","Machinery",0.018318311887597548
"Instruments designed for demonstrational purposes",544156363,"9023","Machinery",0.01825995915655429
"Ships' derricks; cranes",520728938,"8426","Machinery",0.017473817795852716
"Meters",483787212,"9029","Machinery",0.016234184385680465
"Machines for assembling electric lamps",479314723,"8475","Machinery",0.0160841035044832
"Brooms and mops",447015732,"9603","Machinery",0.015000263827949058
"Military weapons, other than pistols and swords",444597607,"9301","Machinery",0.014919120122320018
"Pens",396823151,"9608","Machinery",0.013315978682464062
"Machines for working materials by laser and similar means",395712069,"8456","Machinery",0.013278694708005448
"Household- or laundry-type washing machines",386143019,"8450","Machinery",0.012957591300882329
"Lathes for removing metal",370376814,"8458","Machinery",0.01242853333348728
"Machinery for processing fabrics",349166653,"8451","Machinery",0.01171679549506759
"Cash registers, calculators, etc.",345861601,"8470","Machinery",0.011605889662417632
"Industrial furnaces",336934210,"8417","Machinery",0.01130631805741815
"Weighing machinery",334837958,"8423","Machinery",0.011235975269012962
"Musical instruments, electric",328673779,"9207","Machinery",0.01102912726644042
"Microscopes, other than optical",324095858,"9012","Machinery",0.010875508460953932
"Nuclear reactors and related equipment",297792265,"8401","Machinery",0.009992853094759807
"Drafting tables and machines",279834580,"9017","Machinery",0.00939025682474933
"Machinery for making paper",272912931,"8439","Machinery",0.009157990813305107
"Optical microscopes",272625440,"9011","Machinery",0.009148343634158042
"Frames for spectacles, goggles",270735934,"9003","Machinery",0.009084938508844705
"Metal-rolling mills",270059329,"8455","Machinery",0.009062234042802982
"Steam turbines",265506706,"8406","Machinery",0.008909464148545236
"Parts of musical instruments",250490120,"9209","Machinery",0.008405560738284306
"Photographic cameras",249336156,"9006","Machinery",0.008366837795871274
"Machine tools for working wood",230470618,"8465","Machinery",0.007733777196437608
"Binoculars and telescopes",227692418,"9005","Machinery",0.007640550649845266
"Machines used in metallurgy",216497812,"8454","Machinery",0.007264899344020662
"Steam boilers",201961794,"8402","Machinery",0.00677712209279896
"Furnace burners",200945444,"8416","Machinery",0.0067430169885483214
"Auxiliary machinery for use with knitting and textile machines",198910136,"8448","Machinery",0.006674719264809293
"Machines with grinding stones for finishing metal",194030041,"8460","Machinery",0.006510960570729472
"Fairground amusements",188011319,"9508","Machinery",0.006308993589605235
"Other firearms",186290287,"9303","Machinery",0.0062512418546923736
"Christmas and other festivity articles",172299082,"9505","Machinery",0.005781746597037951
"Machine tools for drilling by removing metal",171993935,"8459","Machinery",0.005771506945100362
"Musical instruments, string",162413030,"9202","Machinery",0.005450005726189085
"Sewing machines",160929817,"8452","Machinery",0.005400234354131326
"Other office machines",159091597,"8472","Machinery",0.005338550205230247
"Vacuum vessels",155832104,"9617","Machinery",0.005229173171167936
"Other machine tools for working metal, without removal",154126708,"8463","Machinery",0.005171946125004091
"Other machine tools for planing and cutting metals",145823164,"8461","Machinery",0.004893308614530558
"Revolvers and pistols",144842308,"9302","Machinery",0.004860394563135994
"Electrostatic photo-copyers",142012075,"9009","Machinery",0.004765421973458619
"Machinery for processing grain",139558132,"8437","Machinery",0.004683076342681694
"Cigarette lighters",125943056,"9613","Machinery",0.004226202641338275
"Dairy machinery",123938017,"8434","Machinery",0.004158920637971721
"Fishing and hunting equipment",118637693,"9507","Machinery",0.003981060547862833
"Automatic goods-vending machines",117553390,"8476","Machinery",0.0039446751817445854
"Slide fasteners",110855034,"9607","Machinery",0.0037199020920728205
"Central heating boilers",99276268,"8403","Machinery",0.0033313597380375346
"Worked vegetable or mineral carving material",93644939,"9602","Machinery",0.0031423922931468466
"Water gas generators",92037189,"8405","Machinery",0.0030884419007043157
"Machine tools for working stone",89420067,"8464","Machinery",0.003000620560962453
"Machinery for making printing components",85502723,"8442","Machinery",0.002869168378637842
"Cinematographic cameras and projectors",82972659,"9007","Machinery",0.0027842683968591336
"Typewriter ribbons and ink pads",82624488,"9612","Machinery",0.0027725850119503428
"Machinery for soldering",72638655,"8468","Machinery",0.0024374958443461924
"Knitting machines",71624958,"8447","Machinery",0.0024034797653738295
"Calendering or other rolling machines, other than for metals or glass",67683757,"8420","Machinery",0.0022712270266738487
"Other arms (air guns, truncheons, etc.)",65462642,"9304","Machinery",0.002196694278479172
"Musical instruments, percussion",63819216,"9206","Machinery",0.002141546725905539
"Pencils, crayons, pastels, etc.",63560317,"9609","Machinery",0.002132858992953912
"Apparatus and equipment for photographic laboratories, n.e.c.",60383307,"9010","Machinery",0.002026249796067677
"Auxiliary parts for use with boilers",58797200,"8404","Machinery",0.0019730256660065075
"Scent sprays",56345010,"9616","Machinery",0.0018907388596972872
"Machines for preparing textile fibers",50348878,"8445","Machinery",0.0016895299189184244
"Hydraulic turbines, water wheels and regulators",44238689,"8410","Machinery",0.0014844936294156823
"Musical instruments, wind",42415121,"9205","Machinery",0.0014233011497107278
"Buttons",40650149,"9606","Machinery",0.0013640749441127939
"Combs, hair-slides etc.",37589738,"9615","Machinery",0.0012613783964620785
"Machinery for preparing tobacco",36600537,"8478","Machinery",0.0012281843164405927
"Bookbinding machinery",35076405,"8440","Machinery",0.0011770398477519166
"Pianos",29776510,"9201","Machinery",0.0009991941533627356
"Apparatus for measuring intervals of time",26522322,"9106","Machinery",0.000889995136300522
"Machines to extrude, cut manmade textile fibres",22789436,"8444","Machinery",0.0007647327107721572
"Watch straps",22585608,"9113","Machinery",0.0007578929654194741
"Balances of a sensitivity < 50 milligram",22105735,"9016","Machinery",0.0007417901281172975
"Watch movements, complete",21896921,"9108","Machinery",0.0007347830702740416
"Machines for wine and juice production",20677647,"8435","Machinery",0.0006938685557071163
"Still image projectors",20428936,"9008","Machinery",0.0006855226959311722
"Time switches",19558237,"9107","Machinery",0.0006563051230813392
"Other clocks",19236175,"9105","Machinery",0.0006454978636872627
"Other musical instruments, n.e.c.",18003286,"9208","Machinery",0.0006041264779692848
"Machinery for preparing leather",15571768,"8453","Machinery",0.0005225333507224634
"Slates and boards, with writing or drawing surfaces",14866783,"9610","Machinery",0.0004988765524540152
"Machinery to manufacture felt",14015328,"8449","Machinery",0.00047030474004713924
"Hand-operated stamps",12729472,"9611","Machinery",0.0004271559695140447
"Looms",11843821,"8446","Machinery",0.0003974366605312304
"Mannequins",11200452,"9618","Machinery",0.0003758474768675025
"Smoking pipes",10751498,"9614","Machinery",0.0003607821716343233
"Other clock or watch parts",10541822,"9114","Machinery",0.00035374618812583
"Watch cases and parts",6632388,"9111","Machinery",0.0002225594373696973
"Travel sets",6261178,"9605","Machinery",0.00021010294526670135
"Instrument panel clocks for vehicles",6001662,"9104","Machinery",0.00020139450798160367
"Swords",5703074,"9307","Machinery",0.000191374952840176
"Worked animal carving material",5090616,"9601","Machinery",0.000170823032793796
"Hand sieves and riddles",3172562,"9604","Machinery",0.00010645993776909338
"Clocks with watch movements",2549448,"9103","Machinery",0.00008555044012553249
"Clock movements, complete, unassembled",2415073,"9110","Machinery",0.00008104129132474564
"Clock movements, complete",1629295,"9109","Machinery",0.00005467336629118517
"Clock cases",738409,"9112","Machinery",0.000024778389260206254
"Word processing machines",19366,"8469","Machinery",6.498543306123765e-7
"Petroleum oils, crude",112082967041,"2709","Minerals",3.7611071733697257
"Petroleum oils, refined",109249374085,"2710","Minerals",3.66602183547603
"Petroleum gases",66336429176,"2711","Minerals",2.226015479571662
"Coal",18754457555,"2701","Minerals",0.6293331333472453
"Petroleum coke",5875892619,"2713","Minerals",0.1971741332577945
"Copper ore",2655167427,"2603","Minerals",0.08909800944629098
"Oils etc. from high temperature coal tar",1491096702,"2707","Minerals",0.05003592115855273
"Molybdenum ore",1465808540,"2613","Minerals",0.049187340058226
"Slag, ash and residues containing metals",1210356502,"2620","Minerals",0.040615274935946896
"Iron ores and concentrates",1132616871,"2601","Minerals",0.038006608413920756
"Electrical energy",1097667543,"2716","Minerals",0.03683383281995234
"Zinc ore",950719987,"2608","Minerals",0.031902793594531256
"Lead ore",736309145,"2607","Minerals",0.024707925567889404
"Natural sands",710732734,"2505","Minerals",0.023849671852621823
"Coke",614546788,"2704","Minerals",0.02062201236939616
"Kaolin",505014435,"2507","Minerals",0.016946494764355703
"Clays",369607695,"2508","Minerals",0.012402724425457421
"Petroleum jelly",344858185,"2712","Minerals",0.011572218577371379
"Precious metal ores",342482739,"2616","Minerals",0.01149250702773615
"Nickel ore",319445096,"2604","Minerals",0.010719445369641969
"Salt",233704206,"2501","Minerals",0.00784228495050227
"Sulphur, crude",227128032,"2503","Minerals",0.007621611855760944
"Cements",180711823,"2523","Minerals",0.006064048371858271
"Mineral substances n.e.c.",123715592,"2530","Minerals",0.004151456843203237
"Natural steatite",113578606,"2526","Minerals",0.003811295516576312
"Quartz",99348406,"2506","Minerals",0.003333780433674306
"Natural magnesia",92421979,"2519","Minerals",0.0031013540894823982
"Bitumen and asphalt, natural",84127062,"2714","Minerals",0.002823006070556434
"Bituminous mixtures",70553162,"2715","Minerals",0.0023675140898531738
"Tar distilled from coal, lignite etc.",65214878,"2706","Minerals",0.0021883801966672417
"Gypsum",57159358,"2520","Minerals",0.00191806549268425
"Zirconium ore",49296937,"2615","Minerals",0.001654230506835459
"Gravel",47258140,"2517","Minerals",0.0015858157046207775
"Quicklime",45698497,"2522","Minerals",0.0015334796126162706
"Siliceous fossil meals and earths",45036623,"2512","Minerals",0.0015112694667307116
"Titanium ore",35911498,"2614","Minerals",0.0012050626094225808
"Pitch and pitch coke",28653032,"2708","Minerals",0.0009614942130731697
"Peat",25821935,"2703","Minerals",0.0008664926306176442
"Other slag and ash",24854575,"2621","Minerals",0.0008340314571558457
"Natural abrasives",23977311,"2513","Minerals",0.0008045935861711128
"Granite",21324511,"2516","Minerals",0.000715575019185235
"Natural graphite",21230368,"2504","Minerals",0.0007124159137299607
"Other ores",20640966,"2617","Minerals",0.0006926376713375412
"Natural barium sulfate",20516693,"2511","Minerals",0.000688467509857205
"Iron or steel slag",16885912,"2619","Minerals",0.0005666313662883144
"Feldspar",15214462,"2529","Minerals",0.0005105434275863596
"Dolomite",13983515,"2518","Minerals",0.0004692372085063062
"Marble",13261818,"2515","Minerals",0.000445019614741979
"Lignite",13049822,"2702","Minerals",0.00043790578025512054
"Granulated iron or steel slag",12724835,"2618","Minerals",0.00042700036822668284
"Limstone",10720131,"2521","Minerals",0.0003597296062729519
"Mica",9340369,"2525","Minerals",0.00031342968316470064
"Aluminum ore",9333990,"2606","Minerals",0.0003132156265306525
"Tungsten ore",7153153,"2611","Minerals",0.00024003446527847322
"Tin ore",6186786,"2609","Minerals",0.00020760661337767335
"Chromium ore",4643685,"2610","Minerals",0.000155825612271493
"Natural borates",2634976,"2528","Minerals",0.00008842045671071349
"Natural calcium phosphates",2255248,"2510","Minerals",0.00007567813071387488
"Manganese > 47% by weight",2245038,"2602","Minerals",0.00007533551929615555
"Unroasted iron pyrites",2002688,"2502","Minerals",0.00006720311213804807
"Chalk",1434374,"2509","Minerals",0.000048132508293803416
"Non-petroleum gases",499960,"2705","Minerals",0.000016776885837703385
"Cobalt ore",475217,"2605","Minerals",0.000015946598442147148
"Slate",397916,"2514","Minerals",0.000013352650822056925
"Asbestos",127228,"2524","Minerals",0.000004269320808383323
"Uranium ore",1860,"2612","Minerals",6.241500851693796e-8
"Serums and vaccines",47014732672,"3002","Chemicals",1.5776478172819575
"Medicaments, packaged",33127413606,"3004","Chemicals",1.1116386034207613
"Other articles of plastic",18426593040,"3926","Chemicals",0.6183311621127685
"Polymers of ethylene",15112023228,"3901","Chemicals",0.5071059454213893
"Industrial monocarboxylic fatty acids",8320525656,"3823","Chemicals",0.2792073546691617
"Acyclic hydrocarbons",7192251360,"2901","Chemicals",0.24134646768298848
"Packing lids",6407178932,"3923","Chemicals",0.21500221914533624
"Hormones",6071699381,"2937","Chemicals",0.2037447142889257
"Make-up preparations",5914978092,"3304","Chemicals",0.1984857032202588
"Polyacetals",5378383764,"3907","Chemicals",0.18047949915990363
"Other plates of plastics, noncellular and not reinforced",5303253131,"3920","Chemicals",0.17795838136496928
"New pneumatic tires of rubber",5055331199,"4011","Chemicals",0.16963899991479955
"Catalytic preparations",4876214407,"3815","Chemicals",0.1636284751308175
"Ethers",4753990497,"2909","Chemicals",0.1595270738492995
"Insecticides, rodenticides, fungicides, etc.",4418848510,"3808","Chemicals",0.14828089644446696
"Heterocyclic compounds with nitrogen hetero-atom(s) only",4058311950,"2933","Chemicals",0.13618256716324786
"Cleaning products",3963297535,"3402","Chemicals",0.13299422010870116
"Acyclic alcohols",3942046766,"2905","Chemicals",0.13228111960970845
"Polymers of propylene",3915875749,"3902","Chemicals",0.13140291302425042
"Polymers of vinyl chloride",3793757710,"3904","Chemicals",0.1273050643983059
"Anti-knock",3571079550,"3811","Chemicals",0.11983277447737255
"Plastic tubes and fittings",3473759517,"3917","Chemicals",0.11656705905341358
"Other plastic plates, sheets etc.",3459518657,"3921","Chemicals",0.11608918625868857
"Cyclic hydrocarbons",3219665823,"2902","Chemicals",0.10804057514206399
"Self-adhesive plastic sheets",3153951120,"3919","Chemicals",0.10583542258968064
"Other articles of vulcanized rubber",3117381377,"4016","Chemicals",0.10460827161075201
"Mixed fertilizers",2619388926,"3105","Chemicals",0.08789740974487256
"Polyamides",2575550407,"3908","Chemicals",0.08642634440253119
"Mixtures of odoriferous subtances",2371937719,"3302","Chemicals",0.07959382415754375
"Synthetic rubber",2370980997,"4002","Chemicals",0.07956171995766292
"Halogenated derivatives of hydrocarbons",2277749347,"2903","Chemicals",0.07643319617873916
"Carbonates",2230326957,"2836","Chemicals",0.07484186882618887
"Nucleic acids and their salts",2043654019,"2934","Chemicals",0.0685777865599782
"Silicon & rare gases",1974730557,"2804","Chemicals",0.06626495942678097
"Pharmaceutical goods",1952465421,"3006","Chemicals",0.06551782036599024
"Perfumes",1933122124,"3303","Chemicals",0.06486872786760278
"Lubricants",1903679721,"3403","Chemicals",0.06388074516114896
"Saturated acyclic monocarboxylic acids",1893681435,"2915","Chemicals",0.06354523811499585
"Amino-resins",1861048464,"3909","Chemicals",0.06245019125322274
"Acrylic polymers",1756726140,"3906","Chemicals",0.058949503758079315
"Paints and varnishes, nonaqueous",1650582557,"3208","Chemicals",0.05538770126508829
"Chemical elements for electronics",1643771331,"3818","Chemicals",0.055159140658206145
"Glues and adhesives",1618044117,"3506","Chemicals",0.054295826528675456
"Sodium hydroxide",1514994913,"2815","Chemicals",0.050837860429039074
"Enzymes",1488302826,"3507","Chemicals",0.04994216858095312
"Hair products",1481242205,"3305","Chemicals",0.049705239161679
"Medicaments, not packaged",1437491285,"3003","Chemicals",0.04823711333134359
"Other coloring matter",1435416564,"3206","Chemicals",0.04816749304699667
"Other organo-inorganic compounds",1434211064,"2931","Chemicals",0.04812704073905733
"Silicones in primary forms",1398423510,"3910","Chemicals",0.046926137251041
"Amine-function compounds",1383351675,"2921","Chemicals",0.04642037988013192
"Potassic fertilizers",1334946851,"3104","Chemicals",0.044796085524099194
"Polymers of styrene",1321664009,"3903","Chemicals",0.04435036041842223
"Cellulose n.e.c.",1311642812,"3912","Chemicals",0.044014084560301314
"Oxygen-function amino-compounds",1285869409,"2922","Chemicals",0.04314922049161557
"Compounds of precious metals",1269542029,"2843","Chemicals",0.042601331479917036
"Nitrogenous fertilizers",1213778241,"3102","Chemicals",0.04073009637080052
"Vulcanized rubber tubes",1188186480,"4009","Chemicals",0.03987132756393039
"Toiletries",1166985610,"3307","Chemicals",0.039159901498545174
"Wadding, gauze and bandages",1156690023,"3005","Chemicals",0.03881441808440976
"Glaziers' putty",1103118869,"3214","Chemicals",0.03701676000205912
"Antibiotics",1038938982,"2941","Chemicals",0.03486311043554239
"Petroleum resins",1034946387,"3911","Chemicals",0.03472913309633288
"Paints and varnishes, aqueous",993213914,"3209","Chemicals",0.03332873919432864
"Plastic household articles",959513959,"3924","Chemicals",0.03219788813070207
"Vitamins",956048908,"2936","Chemicals",0.03208161329861786
"Polymers of vinyl acetate",913408447,"3905","Chemicals",0.030650750537068852
"Unsaturated acyclic monocarboxylic acids",842307055,"2916","Chemicals",0.028264839791237593
"Compounded rubber",826380547,"4005","Chemicals",0.027730402623245613
"Synthetic organic coloring matter",794110267,"3204","Chemicals",0.0266475263861252
"Prepared culture media for micro-organisms",769365891,"3821","Chemicals",0.025817192816885246
"Ink",754427858,"3215","Chemicals",0.025315925366927557
"Metal base oxides, n.e.c.",740184523,"2825","Chemicals",0.024837969519973472
"Essential oils",717851238,"3301","Chemicals",0.024088543620249703
"Polycarboxylic acids",715147080,"2917","Chemicals",0.023997801660786723
"Heparin for therapeutic use",702538279,"3001","Chemicals",0.02357469498239781
"Heterocyclic compounds with oxygen hetero-atom(s) only",661046264,"2932","Chemicals",0.022182369998736566
"Albumins",651739382,"3502","Chemicals",0.02187006402062036
"Plastic builders' ware",644540398,"3925","Chemicals",0.02162849162939816
"Nitrile-function compounds",636483878,"2926","Chemicals",0.021358143368958978
"Photographic film, developed",624558800,"3705","Chemicals",0.02095798001146696
"Peptones",612488057,"3504","Chemicals",0.020552928652783752
"Organo-sulfur compounds",602627720,"2930","Chemicals",0.020222050686205858
"Uranium",592815465,"2844","Chemicals",0.019892786181154587
"Isocyanates",570734957,"2929","Chemicals",0.01915184258175764
"Soap",504407189,"3401","Chemicals",0.016926117740558994
"Dental hygiene products",502971203,"3306","Chemicals",0.01687793113925781
"Chemical preparations for photographic uses",502017015,"3707","Chemicals",0.01684591197143697
"Monofilament",499364108,"3916","Chemicals",0.01675688981391028
"Dextrins and other modified starches",484877086,"3505","Chemicals",0.01627075669481616
"Aluminum oxide",479194031,"2818","Chemicals",0.016080053508672486
"Photographic film in rolls",475900274,"3702","Chemicals",0.015969526696195217
"Epoxides",469744475,"2910","Chemicals",0.015762959896725562
"Conveyor belts of vulcanized rubber",457561606,"4010","Chemicals",0.01535414598683538
"Phenols, phenol-alcohols",450138919,"2907","Chemicals",0.015105066915693677
"Borates",436219199,"2840","Chemicals",0.014637970441310134
"Stabilizers for rubber or plastic",435993769,"3812","Chemicals",0.014630405809390793
"Carboxyamide-function compounds",432227817,"2924","Chemicals",0.014504033806081987
"Activated carbon",430597286,"3802","Chemicals",0.014449318964010948
"Artificial and prepared waxes",422795428,"3404","Chemicals",0.014187516257818509
"Polishes and creams",412613541,"3405","Chemicals",0.013845848212752112
"Photographic plates",410559051,"3701","Chemicals",0.01377690680907041
"Ketones and quinones",401940728,"2914","Chemicals",0.013487706430873249
"Carboxylic acids with additional oxygen function",398052488,"2918","Chemicals",0.013357230875649646
"Finishing agents",393244077,"3809","Chemicals",0.013195877642575486
"Chlorides, bromides, iodides etc.",387989412,"2827","Chemicals",0.013019549706699864
"Other inorganic acids",376374950,"2811","Chemicals",0.012629809521404353
"Compounds of rare-earth metals",364747857,"2846","Chemicals",0.01223964548451068
"Phosphoric acid etc.",360195223,"2809","Chemicals",0.012086875221131915
"Quaternary ammonium salts and hydroxides",347775740,"2923","Chemicals",0.011670121383916342
"Vulcanized rubber plates",347699915,"4008","Chemicals",0.01166757696562559
"Ammonia",340386526,"2814","Chemicals",0.011422165548032753
"Natural polymers",329874675,"3913","Chemicals",0.01106942508045545
"Carbon",329361859,"2803","Chemicals",0.011052216792816944
"Tall oil",322213246,"3803","Chemicals",0.010812334673849582
"Cyanides",308460464,"2837","Chemicals",0.010350840047149801
"Detonators",307484013,"3603","Chemicals",0.010318073811944762
"Phosphates",306485954,"2835","Chemicals",0.01028458248883433
"Ion-exchangers based on polymers",304731796,"3914","Chemicals",0.010225719162753654
"Sulfonamides",298593377,"2935","Chemicals",0.010019735574492615
"Plastic floor coverings",290031544,"3918","Chemicals",0.009732430800505733
"Organic composite solvents and thinners",283866345,"3814","Chemicals",0.009525548570347875
"Prepared explosives, except gunpowder",277908299,"3602","Chemicals",0.009325617660759535
"Pickling preparations for metal surfaces",267501806,"3810","Chemicals",0.0089764126342937
"Mixed alkylbenzenes",258387478,"3817","Chemicals",0.008670568086043074
"Non-radioactive isotopes",253354139,"2845","Chemicals",0.008501667066390581
"Plastic waste",239324994,"3915","Chemicals",0.008030898676788238
"Prepared pigments",227097395,"3207","Chemicals",0.007620583786612592
"Refractory cements",222985061,"3816","Chemicals",0.007482588430895123
"Sulfates",220586599,"2833","Chemicals",0.00740210454586418
"Aldehydes",219350302,"2912","Chemicals",0.0073606187997435
"Oxides of boron; boric acids",210085333,"2810","Chemicals",0.007049719273375669
"Hydrides, nitrides, azides, silicides and borides",206765862,"2850","Chemicals",0.006938329590183879
"Pigments, nonaqueous",205781396,"3212","Chemicals",0.006905294399982463
"Antifreezing preparation",204569083,"3820","Chemicals",0.006864613471907089
"Candles",200679808,"3406","Chemicals",0.006734103185751329
"Artificial graphite",195889668,"3801","Chemicals",0.006573363062688252
"Used pneumatic tires of rubber",188880932,"4012","Chemicals",0.006338174720143644
"Esters of other inorganic acids of nonmetals",167378500,"2920","Chemicals",0.005616629302716289
"Vulcanized rubber articles of apparel",164355573,"4015","Chemicals",0.0055151905852694715
"Hydraulic fluids",161766440,"3819","Chemicals",0.005428308457179963
"Coloring matter of animal or vegetable origin",158256561,"3203","Chemicals",0.005310529356277586
"Gelatin",143174524,"3503","Chemicals",0.004804429642402438
"Other sugars, chemically pure",142440280,"2940","Chemicals",0.0047797910157822724
"Cyclic alcohols",135664164,"2906","Chemicals",0.0045524085760770255
"Baths, sinks etc.",135430210,"3922","Chemicals",0.004544557908925105
"Rosin and resin acids",129401612,"3806","Chemicals",0.004342259524239516
"Halides of nonmetals",128728108,"2812","Chemicals",0.004319659116768445
"Inorganic compounds, liquid or compressed air",124793117,"2851","Chemicals",0.004187614763661416
"Other salts of acids",122431218,"2842","Chemicals",0.004108357803338219
"Propellant powders",119230440,"3601","Chemicals",0.004000951036601214
"Flourides",117518693,"2826","Chemicals",0.003943510873384095
"Iodine",114812201,"2801","Chemicals",0.0038526905931523608
"Zinc oxide or peroxide",113199990,"2817","Chemicals",0.0037985905053587584
"Salts of oxometallic acids",113080053,"2841","Chemicals",0.0037945658446724706
"Other organic compounds",111371803,"2942","Chemicals",0.0037372430283826533
"Carboxyimide-function compounds",95858496,"2925","Chemicals",0.003216671421645625
"Diagnostic or laboratory reagents",95225857,"3822","Chemicals",0.003195442298756836
"Preparations for fire extinguishers",94798774,"3813","Chemicals",0.00318111090677703
"Vegetable alkaloids",93851991,"2939","Chemicals",0.003149340224514292
"Sulfonated, nitrated derivatives of hydrocarbons",85482557,"2904","Chemicals",0.002868491679142276
"Natural rubber",82921118,"4001","Chemicals",0.002782538863550547
"Sulfides; polysulfides",77477626,"2830","Chemicals",0.002599874562721577
"Unvulcanized rubber rods",76966497,"4006","Chemicals",0.002582722884824666
"Carbides",76668548,"2849","Chemicals",0.002572724772258745
"Residual lyes",76567385,"3804","Chemicals",0.002569330100481004
"Fireworks",74898757,"3604","Chemicals",0.0025133368580984223
"Modeling pastes",71253726,"3407","Chemicals",0.0023910225350287973
"Phosphatic fertilizers",70738998,"3103","Chemicals",0.0023737500874460517
"Other paints and varnishes",70694889,"3210","Chemicals",0.0023722699457198832
"Silicates",69437178,"2839","Chemicals",0.00233006562164631
"Sodium chlorate",65787489,"2829","Chemicals",0.002207594992603743
"Sulfites",61897592,"2832","Chemicals",0.0020770638343322314
"Turpentines",60055266,"3805","Chemicals",0.002015241902622029
"Hyopchlorites",60052099,"2828","Chemicals",0.0020151356293252693
"Derivatives of phenols",57364734,"2908","Chemicals",0.0019249571834311183
"Iron oxides and hydroxides",54648988,"2821","Chemicals",0.0018338263717537849
"Artists' colors",50790953,"3213","Chemicals",0.0017043643892894595
"Rare-earth metals",50088006,"2805","Chemicals",0.0016807759790787307
"Ferrocerium and other pyrophoric alloys",48886001,"3606","Chemicals",0.0016404409509537833
"Nitrites, nitrates",47507201,"2834","Chemicals",0.0015941733091563886
"Wood tar and oils",46345705,"3807","Chemicals",0.0015551976195153194
"Animal or vegetable fertilizers",46321916,"3101","Chemicals",0.00155439934497897
"Scrap of rubber",44703950,"4004","Chemicals",0.001500106139779983
"Glycosides",44180351,"2938","Chemicals",0.0014825360128743591
"Casein",43617525,"3501","Chemicals",0.0014636495668616956
"Phosporic esters",43361059,"2919","Chemicals",0.0014550434767679832
"Organix derivatives of hydrazine",41681333,"2928","Chemicals",0.0013986778248345844
"Titanium oxides",41469711,"2823","Chemicals",0.0013915765404623416
"Hydrogen peroxide",40544035,"2847","Chemicals",0.0013605141343204464
"Chromium oxides and hydroxides",39914155,"2819","Chemicals",0.001339377593694291
"Color lakes",37987365,"3205","Chemicals",0.001274721349468296
"Sulfiric acid, oleum",36338916,"2807","Chemicals",0.001219405242815211
"Rubber hygenic or pharmeceutical items",35487160,"4014","Chemicals",0.0011908233299150212
"Manganese oxides",26412265,"2820","Chemicals",0.0008863020134014096
"Hydrochloric acid",26050898,"2806","Chemicals",0.0008741758174967107
"Sulfides of nonmetals",24273873,"2813","Chemicals",0.0008145451559322958
"Reclaimed rubber",24044649,"4003","Chemicals",0.0008068532108181632
"Vegetable tanning extracts",20272524,"3201","Chemicals",0.0006802740635052844
"Hydroxides or peroxides of magnesium",16599167,"2816","Chemicals",0.0005570092202575674
"Sulfonitric acids",14954942,"2808","Chemicals",0.000501834856075437
"Diazo-, azo-, or azoxy-compounds",13484180,"2927","Chemicals",0.00045248129545372276
"Rubber inner tubes",12845668,"4013","Chemicals",0.00043105509549771896
"Photographic paper",9994384,"3703","Chemicals",0.00033537610886104753
"Synthetic tanning substances",9541082,"3202","Chemicals",0.0003201649001563459
"Prepared driers",8872277,"3211","Chemicals",0.0002977221744729208
"Hard rubber",7677252,"4017","Chemicals",0.000257621370412193
"Lead oxides",5814736,"2824","Chemicals",0.0001951219338514762
"Acetals and hemiacetals",4739772,"2911","Chemicals",0.0001590499514776043
"Vulcanized rubber thread and cord",4252566,"4007","Chemicals",0.00014270104468217245
"Cobalt oxides and hydroxides",3094440,"2822","Chemicals",0.00010383844029846959
"Photographic film, not developed",1838882,"3704","Chemicals",0.00006170636327507736
"Sulfur, sublimed or precipitated",1745598,"2802","Chemicals",0.00005857608281567196
"Dithionites and sulfoxylates",1730308,"2831","Chemicals",0.000058063004600497774
"Matches",1726470,"3605","Chemicals",0.000057934214921633257
"Motion-picture film",1665933,"3706","Chemicals",0.00005590280773314408
"Derivatives of aldehydes",496560,"2913","Chemicals",0.000016662793886650918
"Soya beans",27388288228,"1201","Agriculture",0.9190538940940706
"Corn",13404113797,"1005","Agriculture",0.4497945574203013
"Other nuts",7655020968,"0802","Agriculture",0.2568753757607842
"Wheat and meslin",6561752288,"1001","Agriculture",0.22018915319438553
"Food preparations n.e.c.",6027376142,"2106","Agriculture",0.20225738346113903
"Pork",5906635468,"0203","Agriculture",0.19820575432347728
"Solid soybean residues",5435950659,"2304","Agriculture",0.18241124015007495
"Chemical woodpulp, soda or sulfate",5062646190,"4703","Agriculture",0.16988446508983518
"Poultry",4711899082,"0207","Agriculture",0.15811463512579682
"Animal feed",4378941379,"2309","Agriculture",0.14694175455132097
"Beef",4236358744,"0201","Agriculture",0.1421571866062175
"Beef (frozen)",4057321498,"0202","Agriculture",0.1361493311040997
"Starch residues",3909592138,"2303","Agriculture",0.13119205730700195
"Ethyl alcohol > 80%",3671226306,"2207","Agriculture",0.12319334470784767
"Uncoated kraft paper and paperboard",3015248664,"4804","Agriculture",0.1011810597012074
"Wood sawn lengthwise",2555451970,"4407","Agriculture",0.08575191208181498
"Milk, concentrated",2439099505,"0402","Agriculture",0.08184753568722265
"Spirits < 80% alcohol",2428404534,"2208","Agriculture",0.08148865036138749
"Bakery products",2374742489,"1905","Agriculture",0.07968794229917711
"Paper waste",2324989124,"4707","Agriculture",0.07801839568615489
"Cardboard packing containers",2187579022,"4819","Agriculture",0.0734073996180671
"Cheese",2145969728,"0406","Agriculture",0.0720111391667801
"Sauces and seasonings",2096039817,"2103","Agriculture",0.07033566829564304
"Fuel wood",2056270169,"4401","Agriculture",0.06900113984476368
"Rice",1969761409,"1006","Agriculture",0.06609821242960791
"Cellulose wadding, coated",1917986210,"4811","Agriculture",0.06436082023253739
"Edible offal",1894658520,"0206","Agriculture",0.06357802562499411
"Fruits and nuts, otherwise prepared",1772976111,"2008","Agriculture",0.0594947951980605
"Paper and paperboard, coated with kaolin",1750467429,"4810","Agriculture",0.05873948359659004
"Books, brochures etc.",1726935876,"4901","Agriculture",0.057949848069218116
"Frozen fish, excluding fillets",1683988060,"0303","Agriculture",0.05650867156307625
"Chocolates",1680420510,"1806","Agriculture",0.05638895722778882
"Other sugars",1675472162,"1702","Agriculture",0.05622290820490453
"Toilet paper",1661148279,"4818","Agriculture",0.05574224945251711
"Flours of oil seeds",1622964204,"1208","Agriculture",0.0544609272125513
"Wood in the rough",1539615383,"4403","Agriculture",0.0516640361520181
"Forage products",1524397243,"1214","Agriculture",0.051153369303785876
"Other vegetables, frozen",1502913804,"2004","Agriculture",0.050432461224130976
"Other printed matter",1420590860,"4911","Agriculture",0.04766999496020656
"Waters, flavored or sweetened",1401396903,"2202","Agriculture",0.04702591378298681
"Grain sorghum",1344017012,"1007","Agriculture",0.04510044798434919
"Tanned hides of bovines or equines",1340027679,"4104","Agriculture",0.04496658010629978
"Other fresh fruit",1292563983,"0810","Agriculture",0.04337386667077002
"Fish fillets",1269877155,"0304","Agriculture",0.0426125771208548
"Trunks or cases",1247502464,"4202","Agriculture",0.04186176178250595
"Malt extract",1237444892,"1901","Agriculture",0.04152426530829105
"Other uncoated paper and paperboard",1206915033,"4805","Agriculture",0.0404997914322126
"Legumes, dried",1168053459,"0713","Agriculture",0.03919573472673324
"Other prepared or preserved meat",1149305943,"1602","Agriculture",0.03856663452737226
"Wine",1147548579,"2204","Agriculture",0.03850766361929303
"Other paper cut to size",1088821930,"4823","Agriculture",0.03653700539482732
"Coffee",1080842547,"0901","Agriculture",0.036269245578749415
"Apples & pears",1048285237,"0808","Agriculture",0.03517673763200824
"Flours of fish, for animal feed",1046549232,"2301","Agriculture",0.035118483456276814
"Seeds used for sowing",957765547,"1209","Agriculture",0.03213921762001867
"Unmanufactured tobacco",942437320,"2401","Agriculture",0.03162485664219364
"Grapes",904006039,"0806","Agriculture",0.03033523904491846
"Other vegetables",892340918,"0709","Agriculture",0.029943798923108722
"Citrus fruit",813794063,"0805","Agriculture",0.027308044824289536
"Soups and broths",798893366,"2104","Agriculture",0.02680803023818023
"Chemical woodpulp, dissolving grade",783328870,"4702","Agriculture",0.026285740910007193
"Whey",780608291,"0404","Agriculture",0.026194447919977087
"Sausages",762893793,"1601","Agriculture",0.025600012143878546
"Crustaceans",719632663,"0306","Agriculture",0.024148321930221366
"Fruit juices",688842783,"2009","Agriculture",0.02311512267084744
"Confectionery sugar",685348683,"1704","Agriculture",0.022997873057267314
"Cereal foods",673563729,"1904","Agriculture",0.022602411764642734
"Peaches & cherries",638573467,"0809","Agriculture",0.021428262570696556
"Animal guts, except fish",621653301,"0504","Agriculture",0.020860481761557845
"Peanuts",619862592,"1202","Agriculture",0.0208003919134469
"Other vegetables, prepared or preserved",570448614,"2005","Agriculture",0.019142233925422285
"Eggs, in shell",562139900,"0407","Agriculture",0.01886342292807024
"Paper labels",558792878,"4821","Agriculture",0.018751108730953907
"Vegetable saps and extracts",547801126,"1302","Agriculture",0.018382264486493657
"Lettuce",517544059,"0705","Agriculture",0.017366944543212706
"Animal products n.e.c.",510066051,"0511","Agriculture",0.017116009095358015
"Wood carpentry for construction",490573246,"4418","Agriculture",0.016461899638318223
"Other vegetable fats and oils",473578835,"1515","Agriculture",0.015891627430089546
"Corrugated paper and paperboard",464192238,"4808","Agriculture",0.015576646499068005
"Bananas and plantains",459089697,"0803","Agriculture",0.01540542330553412
"Cabbages, cauliflowers, broccoli",447729881,"0704","Agriculture",0.01502422813758205
"Stearic acid",437872204,"1519","Agriculture",0.014693439431177631
"Pasta",418460209,"1902","Agriculture",0.014042041671362705
"Margarine",393658790,"1517","Agriculture",0.013209793941192196
"Coffee extracts",386207806,"2101","Agriculture",0.012959765323009633
"Casks, barrels, etc. of wood",383757598,"4416","Agriculture",0.012877545025596586
"Tomatoes, prepared or preserved",377833647,"2002","Agriculture",0.012678758223382111
"Molluscs",372970643,"0307","Agriculture",0.012515573042695067
"Bovine",372937726,"0102","Agriculture",0.012514468464826596
"Beer",367272455,"2203","Agriculture",0.012324362046699844
"Other live plants",339807312,"0602","Agriculture",0.011402729178816016
"Sheets for veneering for plywood",336819503,"4408","Agriculture",0.011302468896997746
"Avocados, pineapples, mangos, etc.",334985471,"0804","Agriculture",0.011240925282535199
"Wood shaped along its edges",334408837,"4409","Agriculture",0.011221575488975438
"Potatoes",325412555,"0701","Agriculture",0.010919692146152439
"Prepared aquatic invertibrates",307949496,"1605","Agriculture",0.010333693771842338
"Fowl",307366448,"0105","Agriculture",0.010314128747172562
"Onions, shallots, garlic",296603766,"0703","Agriculture",0.00995297128013219
"Newspapers, journals and periodicals",293621492,"4902","Agriculture",0.00985289673329894
"Melons and papayas",291408181,"0807","Agriculture",0.009778625859688384
"Tomatoes",281376708,"0702","Agriculture",0.009442005175423636
"Preserved meat",274622435,"0210","Agriculture",0.009215355709390988
"Horses",268585543,"0101","Agriculture",0.009012779007457745
"Fruits and nuts, frozen",263669557,"0811","Agriculture",0.00884781593860874
"Frozen vegetables",262563442,"0710","Agriculture",0.008810698639068035
"Paper used for graphic purposes",261663327,"4802","Agriculture",0.00878049396950286
"Prepared or preserved fish",258445483,"1604","Agriculture",0.008672514528284485
"Plywood",255886541,"4412","Agriculture",0.008586645503163867
"Tissue",254841448,"4803","Agriculture",0.008551575885692903
"Malt",254140948,"1107","Agriculture",0.008528069588130476
"Ice cream",251064506,"2105","Agriculture",0.008424835096930549
"Animal or vegetable fats and oils, processed",250839782,"1518","Agriculture",0.008417294155869278
"Soybean oil",249234891,"1507","Agriculture",0.008363439701335
"Other oil seeds",241131405,"1207","Agriculture",0.008091515428374309
"Fish oils",239748503,"1504","Agriculture",0.008045110137993614
"Hop cones",232228985,"1210","Agriculture",0.0077927817616423945
"Particle board and similar board",229219106,"4410","Agriculture",0.007691780888835969
"Sugarcane & sucrose",226347171,"1701","Agriculture",0.007595408927822478
"Unused stamps",225300639,"4907","Agriculture",0.007560291022611055
"Bovine, sheep and goat fats",223704535,"1502","Agriculture",0.0075067314286573344
"Sunflower seeds",215673247,"1206","Agriculture",0.007237229864720787
"Fruits, dried",212593425,"0813","Agriculture",0.007133881952698929
"Fiberboard of wood",202780736,"4411","Agriculture",0.00680460288414567
"Starches",194147026,"1108","Agriculture",0.006514886172757083
"Vegetables, dried",193705093,"0712","Agriculture",0.006500056467402826
"Packing boxes",192728212,"4415","Agriculture",0.006467275802921626
"Cigars and cigarettes",180327210,"2402","Agriculture",0.006051142122572934
"Other articles of wood",179879510,"4421","Agriculture",0.0060361188971358205
"Fish, excluding fillets",179478250,"0302","Agriculture",0.006022654033524257
"Plants used in perfumery, pharmacy or insecticide",172183400,"1211","Agriculture",0.00577786471907276
"Tubers",172038938,"0714","Agriculture",0.005773017086298365
"Pulps of recovered paper fibers",167883299,"4706","Agriculture",0.005633568568245506
"Waters",165562494,"2201","Agriculture",0.005555690576933058
"Wooden railway ties",159991850,"4406","Agriculture",0.005368759505586376
"Butter",158130931,"0405","Agriculture",0.005306313658686198
"Leather apparel",157379340,"4203","Agriculture",0.0052810929282204695
"Other manufactured tobacco",149937595,"2403","Agriculture",0.005031374338136663
"Notebooks",149879462,"4820","Agriculture",0.005029423600668859
"Palm oil",146874687,"1511","Agriculture",0.004928594000014837
"Carrots & turnips",144491103,"0706","Agriculture",0.004848609367939117
"Milk",143984499,"0401","Agriculture",0.004831609533006475
"Cereal residues",141902637,"2302","Agriculture",0.0047617496220058895
"Rapeseed, colza or mustard oil,",139344904,"1514","Agriculture",0.0046759211666408075
"Jams, jellies and marmalades",138187849,"2007","Agriculture",0.004637094501221685
"Pickled fruits and vegetables",137545019,"2001","Agriculture",0.004615523404487845
"Yeasts",135413686,"2102","Agriculture",0.00454400342204299
"Wheat or meslin flour",132871100,"1101","Agriculture",0.004458683246319846
"Potato flour",132539370,"1105","Agriculture",0.0044475515631073066
"Feathers and down",131870381,"0505","Agriculture",0.004425102663035942
"Worked cereal grains",131591936,"1104","Agriculture",0.004415759035591588
"Fermented milk products",131161083,"0403","Agriculture",0.004401301135771939
"Legumes",128573988,"0708","Agriculture",0.004314487395740149
"Sunflower seed oil",128332467,"1512","Agriculture",0.0043063828068842245
"Other live animals",125874864,"0106","Agriculture",0.004223914359477637
"Vegetable fats, hydrogenated",125537232,"1516","Agriculture",0.004212584626060653
"Egg yolks",124594637,"0408","Agriculture",0.004180954478236448
"Rape or colza seeds",124551930,"1205","Agriculture",0.00417952138266186
"Newsprint",113635442,"4801","Agriculture",0.0038132027313204347
"Cereal flours",110565888,"1102","Agriculture",0.0037101993769907567
"Other raw hides and skins",109803543,"4103","Agriculture",0.003684617780395141
"Cocoa powder",109070724,"1805","Agriculture",0.0036600269717250475
"Tea",93823832,"0902","Agriculture",0.003148395308264384
"Cereal meals",93566963,"1103","Agriculture",0.003139775694918827
"Other parts of plants",87639844,"0604","Agriculture",0.0029408825858511364
"Other cereals",86326723,"1008","Agriculture",0.0028968188985399696
"Semichemical woodpulp",85479299,"4705","Agriculture",0.002868382352208003
"Flour of dried legumes",82662002,"1106","Agriculture",0.0027738438488479258
"Glycerol",82027103,"1520","Agriculture",0.0027525388883681435
"Cocoa butter",76674280,"1804","Agriculture",0.002572917117865637
"Vinegars",73314229,"2209","Agriculture",0.0024601657136815802
"Pepper",73207955,"0904","Agriculture",0.002456599534856242
"Coconut & palm kernel oil",67614535,"1513","Agriculture",0.002268904181663333
"Transparent paper",67099125,"4806","Agriculture",0.0022516088485774644
"Letterstock",65643983,"4817","Agriculture",0.0022027794398014676
"Spices",65198868,"0910","Agriculture",0.002187842957803609
"Saddlery and harnesses",64318950,"4201","Agriculture",0.002158316027984143
"Other raw furskins",63254520,"4301","Agriculture",0.0021225975293197967
"Vegetable materials for animal feeding",61276083,"2308","Agriculture",0.0020562081948008585
"Transfers (decalcomanias)",61154700,"4908","Agriculture",0.0020521350114789164
"Other articles of leather",60001154,"4205","Agriculture",0.0020134260956645726
"Pig and poultry fat, rendered",58125710,"1501","Agriculture",0.001950492841238207
"Cocoa paste",56743821,"1803","Agriculture",0.0019041215435476357
"Olive oil",56560841,"1509","Agriculture",0.0018979813831936415
"Printed or illustrated postcards",54148074,"4909","Agriculture",0.0018170174730568743
"Chemical woodpulp, sulfite",53706039,"4704","Agriculture",0.0018021843449440868
"Live Fish",51870241,"0301","Agriculture",0.0017405814697799055
"Cucumbers",51817488,"0707","Agriculture",0.001738811266046414
"Uncoated composite paper",51718309,"4807","Agriculture",0.001735483170277757
"Bones, simply prepared",49612858,"0506","Agriculture",0.0016648316960320606
"Other carbon paper",49364234,"4816","Agriculture",0.001656488755667805
"Solid vegetable oil and fat residues",47846331,"2306","Agriculture",0.0016055533101447484
"Wallpaper",46740399,"4814","Agriculture",0.0015684421514355258
"Bovine leather further prepared",44156997,"4107","Agriculture",0.0014817523353964535
"Children's books",43215877,"4903","Agriculture",0.0014501716833451306
"Other fermented beverages",40005251,"2206","Agriculture",0.0013424344526275487
"Mechanical woodpulp",36795185,"4701","Agriculture",0.001234716013525434
"Cashew nuts & coconuts",36096655,"0801","Agriculture",0.0012112758221817046
"Molasses",35424265,"1703","Agriculture",0.0011887127966028316
"Preserved fish",33615261,"0305","Agriculture",0.001128009033125856
"Animal products used in pharmaceuticals",33375944,"0510","Agriculture",0.0011199784026993784
"Wood marquetry, ornaments, etc.",33206749,"4420","Agriculture",0.0011143008180939896
"Pig and poultry fat",32445819,"0209","Agriculture",0.0010887667038838855
"Carbon paper",32246187,"4809","Agriculture",0.0010820677614213838
"Lac",28829734,"1301","Agriculture",0.0009674237059951912
"Wine, flavored",28046987,"2205","Agriculture",0.0009411574905803483
"Other animal fats and oils",27740840,"1506","Agriculture",0.0009308842821865662
"Cocoa beans",27438036,"1801","Agriculture",0.0009207232530258334
"Vegetable waxes and beeswax",26557004,"1521","Agriculture",0.0008911589413141695
"Bobbins, spools, cops of paper",25699230,"4822","Agriculture",0.0008623750856606168
"Furskin apparel",25517696,"4303","Agriculture",0.000856283447942276
"Honey",25125518,"0409","Agriculture",0.0008431233440658483
"Barley",25114930,"1003","Agriculture",0.0008427680483076884
"Wheat gluten",24844442,"1109","Agriculture",0.0008336914295852531
"Wooden kitchenware",24528445,"4419","Agriculture",0.0008230876900979807
"Cigarette paper",24472229,"4813","Agriculture",0.0008212012803566967
"Other meat",24118994,"0208","Agriculture",0.0008093479655537501
"Swine",23684493,"0103","Agriculture",0.0007947676517819124
"Vegetable products n.e.c.",22743323,"1404","Agriculture",0.0007631853219077799
"Cut flowers",21909409,"0603","Agriculture",0.0007352021232989661
"Wooden frames",19546050,"4414","Agriculture",0.0006558961705497285
"Maps",19461565,"4905","Agriculture",0.0006530611533483556
"Lamb",18003915,"0204","Agriculture",0.0006041475849802295
"Wood charcoal",17524035,"4402","Agriculture",0.0005880445127828595
"Cinnamon",17082522,"0906","Agriculture",0.0005732289011402043
"Calendars",16744534,"4910","Agriculture",0.0005618872216248157
"Extracts and juices of meat or fish",16692641,"1603","Agriculture",0.0005601458764436493
"Products of plaiting materials",15341297,"4601","Agriculture",0.0005147995607074594
"Basketwork",14958316,"4602","Agriculture",0.0005019480755586286
"Peanut oil",14514636,"1508","Agriculture",0.00048705974707540547
"Vegetables, fruits and nuts, preserved by sugar",13719492,"2006","Agriculture",0.00046037753227315165
"Wooden tools",13201592,"4417","Agriculture",0.00044299864361136554
"Articles of natural cork",13131236,"4503","Agriculture",0.0004406377455795281
"Music, printed or in manuscript",12403059,"4904","Agriculture",0.0004162027059790773
"Flower bulbs",12296317,"0601","Agriculture",0.0004126208227322414
"Vanilla",11977445,"0905","Agriculture",0.00040192060843341715
"Densified wood",11319498,"4413","Agriculture",0.0003798422387513237
"Fruits and nuts, provisionally preserved",11116598,"0812","Agriculture",0.00037303363378998674
"Oats",11072175,"1004","Agriculture",0.0003715429553365739
"Linseed",9634474,"1204","Agriculture",0.00032329880471302004
"Agglomerated cork",8793469,"4504","Agriculture",0.00029507765727334933
"Anise, fennel, etc.",8769054,"0909","Agriculture",0.0002942583763954241
"Tapioca",8164939,"1903","Agriculture",0.0002739864178630531
"Wool grease",7946351,"1505","Agriculture",0.0002666513792169776
"Vegetables, provisionally preserved",7838255,"0711","Agriculture",0.0002630240605284578
"Raw hides of bovines or equines",7759219,"4101","Agriculture",0.0002603718924568746
"Strips and other pieces of wood",7459845,"4404","Agriculture",0.0002503259619408801
"Cereal straw and husks",7346146,"1213","Agriculture",0.000246510626428317
"Other tanned furskins",7334327,"4302","Agriculture",0.0002461140226725849
"Rye",7060249,"1002","Agriculture",0.00023691693627242078
"Lard oil, tallow oil etc.",7012247,"1503","Agriculture",0.00023530615926229708
"Degras and wax residues",6668431,"1522","Agriculture",0.00022376891272022205
"Patent leather",6651645,"4109","Agriculture",0.0002232056340465848
"Wine lees",6269757,"2307","Agriculture",0.00021039082610437167
"Whalebone & horns",6174722,"0507","Agriculture",0.00020720178829017425
"Wood wool or flour",5951774,"4405","Agriculture",0.00019972044349510204
"Raw skins of sheep or lambs",5695867,"4102","Agriculture",0.00019113311146040098
"Seaweeds & edible vegetable products",5460816,"1212","Agriculture",0.00018324563287603818
"Architectural, engineering, etc. drawings",5112001,"4906","Agriculture",0.00017154063760945986
"Mushrooms, prepared or preserved",4098154,"2003","Agriculture",0.00013751952516866846
"Natural cork, raw",3953880,"4501","Agriculture",0.00013267820100803797
"Coral and shells",3755453,"0508","Agriculture",0.0001260196940752474
"Sheep",3699232,"0104","Agriculture",0.00012413311655168246
"Filter blocks of paper pulp",3588648,"4812","Agriculture",0.00012042230940015717
"Nutmeg",3286343,"0908","Agriculture",0.00011027802491106421
"Composition leather",3044195,"4111","Agriculture",0.00010215239615710748
"Peel of citrus fruit or melons",2659393,"0814","Agriculture",0.00008923980470155117
"Edible animal products, n.e.c.",2550067,"0410","Agriculture",0.00008557121157191527
"Chamois leather",2182880,"4108","Agriculture",0.0000732497170921793
"Vegetable materials used for plaiting",2147960,"1401","Agriculture",0.00007207792564195808
"Human hair, unworked",2101327,"0501","Agriculture",0.00007051308742036112
"Olive oil, blended",1836157,"1510","Agriculture",0.00006161492193195443
"Solid peanut residues",1787379,"2305","Agriculture",0.00005997810511182582
"Articles of gut",1600631,"4206","Agriculture",0.00005371150403090049
"Tanned sheepskins",1525829,"4105","Agriculture",0.00005120141399483383
"Natural cork, debacked",1231634,"4502","Agriculture",0.000041329272365457184
"Cloves",1104636,"0907","Agriculture",0.00003706766954199799
"Mate",1032428,"0903","Agriculture",0.000034644624953293125
"Artificial fur",1009739,"4304","Agriculture",0.00003388326251875506
"Brushmaking hair",629033,"0502","Agriculture",0.00002110811830776077
"Tanned skins of other animals",578089,"4106","Agriculture",0.000019398618203520506
"Cocoa residues",307792,"1802","Agriculture",0.000010328408764217937
"Waste of leather",165618,"4110","Agriculture",0.000005557553161590446
"Horse meat",22389,"0205","Agriculture",7.512954976804967e-7
"Copra",8915,"1203","Agriculture",2.991558069508074e-7
"Electronic integrated circuits",43070679125,"8542","Electronics",1.4452993572135358
"Transmission apparatus for radio, telephone and TV",34624490611,"8525","Electronics",1.1618752023549477
"Insulated electrical wire",12026565765,"8544","Electronics",0.40356892723225235
"Electrical apparatus for < 1k volts",11700436554,"8536","Electronics",0.3926251866504312
"Electrical transformers",7793437947,"8504","Electronics",0.2615201590528131
"Electrical boards",7198576384,"8537","Electronics",0.2415587130737572
"Semiconductor devices",6614591251,"8541","Electronics",0.22196224154152058
"Sound storage media",6526747598,"8523","Electronics",0.2190145198478894
"Parts for electrical apparatus",5397547856,"8538","Electronics",0.18112257817355923
"Electrical machines with individual functions n.e.c.",5245321132,"8543","Electronics",0.17601438877841646
"Batteries",5130495094,"8507","Electronics",0.17216123386457977
"Electric motors and generators",4649443151,"8501","Electronics",0.15601883541327088
"Microphones",3103176791,"8518","Electronics",0.1041316160429189
"Monitors and projectors",2756047933,"8528","Electronics",0.09248320172649689
"Video recording apparatus",2678995180,"8521","Electronics",0.08989758439598694
"Electrical lighting equipment used for motor vehicles",2580517458,"8512","Electronics",0.08659302103181563
"Radar",2517976124,"8526","Electronics",0.0844943554972615
"Parts of radios, telephones, and T.V.s",2499857328,"8529","Electronics",0.08388635291303749
"Telephones",2312575882,"8517","Electronics",0.0776018512747824
"Electric generating sets and rotary converters",2138599187,"8502","Electronics",0.071763809930603
"Electrical ignition equipment",2124388732,"8511","Electronics",0.07128695741992849
"Electric sound or visual signaling apparatus",2012847261,"8531","Electronics",0.06754402093473669
"Electrical capacitors",1992512755,"8532","Electronics",0.06686166697496371
"Electric heaters",1771585529,"8516","Electronics",0.05944813219409625
"Parts for use with electric generators",1322189778,"8503","Electronics",0.04436800336283779
"Electric soldering machines",1258201858,"8515","Electronics",0.04222079552854685
"Electronic printed circuits",1142343328,"8534","Electronics",0.03833299384214368
"Electrical resistors",1120661456,"8533","Electronics",0.03760542705421725
"Electrical apparatus for > 1k volts",1022912275,"8535","Electronics",0.034325310944196434
"Industrial electric furnaces",896718159,"8514","Electronics",0.03009068361896662
"Primary cells and primary batteries",875556980,"8506","Electronics",0.029380589442884124
"Electromechanical domestic appliances",870702229,"8509","Electronics",0.02921768120363003
"Vacuum cleaners",845056623,"8508","Electronics",0.028357105549376246
"Reception apparatus for radio broadcasting",814450414,"8527","Electronics",0.027330069637867545
"Electrical filament",548864390,"8539","Electronics",0.01841794385833008
"Electromagnets",521453526,"8505","Electronics",0.017498132401331894
"Insulating fittings for electrical machines",506949740,"8547","Electronics",0.01701143674180617
"Thermionic, cold cathode or photocathode tubes",437104738,"8540","Electronics",0.014667685991969857
"Carbon articles for eletrical purposes",303272836,"8545","Electronics",0.010176761635427916
"Electrical insulators of any material",263688650,"8546","Electronics",0.008848456632026812
"Electric signal and traffic controls",247154299,"8530","Electronics",0.008293622407033779
"Waste and scrap of batteries",209867305,"8548","Electronics",0.007042403026345062
"Parts and accessories for video or sound equipment",185265039,"8522","Electronics",0.006216838165094538
"Electric shavers and hair clippers",156680085,"8510","Electronics",0.005257628408446001
"Portable electric lamps",133969260,"8513","Electronics",0.004495533604251546
"Sound reproducing apparatus",129310334,"8519","Electronics",0.0043391965580312315
"Tapes, cassettes, records and compact disks",4061736,"8524","Electronics",0.00013629746614707175
"Magnetic tape recorders",113604,"8520","Electronics",0.0000038121476492248485
"Cars",59841610069,"8703","Vehicles",2.0080723667332876
"Parts of motor vehicles",44918715131,"8708","Vehicles",1.5073128964899325
"Motor vehicles for transporting goods",20698847823,"8704","Vehicles",0.6945799801953481
"Other aircraft and spacecraft",16375240048,"8802","Vehicles",0.5494950253025932
"Parts of other aircraft",9183775881,"8803","Vehicles",0.30817497302702385
"Tractors",7168017513,"8701","Vehicles",0.24053326565777172
"Trailers and semi-trailers",4678774970,"8716","Vehicles",0.15700310731257316
"Pleasure or sport boats",2360796386,"8903","Vehicles",0.07921996050480985
"Special purpose motor vehicles",1958657401,"8705","Vehicles",0.06572560127160137
"Parts of railway locomotives",1601002699,"8607","Vehicles",0.05372397693211056
"Tanks and other armored fighting vehicles",1040753239,"8710","Vehicles",0.034923990471083736
"Buses",777326752,"8702","Vehicles",0.026084331100281563
"Motorcycles",738134403,"8711","Vehicles",0.024769174758005327
"Parts of motorcycles or wheelchairs",706247570,"8714","Vehicles",0.02369916564334233
"Containers for multimodal transportation",475469031,"8609","Vehicles",0.01595505570935765
"Railway cars, not self-propelled",468089567,"8606","Vehicles",0.015707427048921935
"Other rail locomotives",419221556,"8602","Vehicles",0.014067589778615042
"Work trucks",380714340,"8709","Vehicles",0.012775424071838931
"Other vessels",331350177,"8906","Vehicles",0.011118937698679514
"Vehicle Bodies",318584497,"8707","Vehicles",0.010690566716999673
"Aircraft launching gear",288651306,"8805","Vehicles",0.009686114904524335
"Railway service vehicles",201175524,"8604","Vehicles",0.006750737657988954
"Other floating structures",194010257,"8907","Vehicles",0.0065102966898001715
"Cargo ships and similar vessels",161900270,"8901","Vehicles",0.005432799317712126
"Parachutes",160770049,"8804","Vehicles",0.005394873106238458
"Bicycles",131716361,"8712","Vehicles",0.004419934297653265
"Railway coaches, not self-propelled",121526750,"8605","Vehicles",0.004078007062519241
"Railway track fixtures",89399245,"8608","Vehicles",0.002999921848431625
"Wheelchairs",80901301,"8713","Vehicles",0.0027147609628743875
"Tugs and pusher craft",67016411,"8904","Vehicles",0.0022488332598600076
"Self-propelled railway coaches",56930457,"8603","Vehicles",0.0019103843863054676
"Special function vessels, n.e.c.",54521497,"8905","Vehicles",0.001829548225597423
"Vehicle chassis fitted with engines",48600263,"8706","Vehicles",0.0016308525962744217
"Baby carriages",23317401,"8715","Vehicles",0.0007824493451655147
"Electric trains",14931644,"8601","Vehicles",0.0005010530577590781
"Gliders, hang gliders",14620433,"8801","Vehicles",0.0004906099194711402
"Floating structures for scrapping",10032265,"8908","Vehicles",0.00033664726097805295
"Fishing vessels",2413775,"8902","Vehicles",0.00008099773504460854
"Commodities not specified according to kind",171914251282,"9999","Other",5.768833041908087
"Gold",25205304411,"7108","Stone",0.8458006932712788
"Diamonds",15918266043,"7102","Stone",0.5341605971229726
"Jewelry of precious metal",11627178616,"7113","Stone",0.39016690986322516
"Scrap of precious metal",5909016253,"7112","Stone",0.19828564503103213
"Platinum",5898640957,"7110","Stone",0.1979374868653301
"Precious stones",3152778471,"7103","Stone",0.10579607264488365
"Glass mirrors",1754029079,"7009","Stone",0.05885899994878593
"Articles of stone or of other mineral substances",1609087430,"6815","Stone",0.05399527185373538
"Other articles of precious metals",1367988515,"7115","Stone",0.04590484667462274
"Glass fibers",1308097646,"7019","Stone",0.043895121352729286
"Silver",1272319077,"7106","Stone",0.04269451936947184
"Ceramic wares for technical ware",1266096046,"6909","Stone",0.04248569650233949
"Synthetic precious stones",653067527,"7104","Stone",0.021914631860129357
"Natural or artificial abrasive powder",579007306,"6805","Stone",0.019429433298580268
"Mineral wools and insulating materials",452261135,"6806","Stone",0.015176280963927433
"Float glass",440290991,"7005","Stone",0.014774605351180673
"Safety glass",406645329,"7007","Stone",0.013645576168230126
"Glass containers for conveyance",354897928,"7010","Stone",0.011909116773528834
"Articles of precious stones",353056150,"7116","Stone",0.011847313230756624
"Asphalt",317810418,"6807","Stone",0.010664591368947101
"Other refractory ceramic goods",304300375,"6903","Stone",0.010211242202866887
"Glass balls",286852874,"7002","Stone",0.009625765899902218
"Grindstones",246599004,"6804","Stone",0.008274988674692696
"Laboratory, hygienic or pharmaceutical glassware",236185378,"7017","Stone",0.007925544290024842
"Articles of cement, of concrete or of artificial stone",226684060,"6810","Stone",0.007606713728792512
"Plaster articles",216714292,"6809","Stone",0.007272163645657085
"Other articles of glass",210853510,"7020","Stone",0.007075496571223797
"Glassware for interior decorative use",204701052,"7013","Stone",0.006869041883874279
"Imitation jewelry",199701530,"7117","Stone",0.006701275642900828
"Multiple-walled insulating glass",186116866,"7008","Stone",0.006245422460503117
"Asbestos-cement or cellulose fiber-cement",183068977,"6811","Stone",0.006143146106796838
"Friction material and articles thereof",177000042,"6813","Stone",0.0059394941553378355
"Bricks, tiles and similar refractory ceramic constructional goods",176705453,"6902","Stone",0.005929608792464719
"Cullet and other scraps of glass",157915527,"7001","Stone",0.005299085463796637
"Other ceramic articles",145283162,"6914","Stone",0.004875188061074019
"Signaling glassware",136179965,"7014","Stone",0.004569717029737265
"Ceramic sinks, washbasins, and similar sanitary fixtures",102610140,"6910","Stone",0.003443232667754944
"Coin",102266899,"7118","Stone",0.003431714716175179
"Worked building stone",80466968,"6802","Stone",0.00270018628658719
"Ceramic household articles",75779095,"6912","Stone",0.0025428778816294893
"Drawn and blown glass",74003062,"7004","Stone",0.0024832805080696164
"Glass beads",65635114,"7018","Stone",0.002202481827591502
"Glass paving blocks or other molded products",62625135,"7016","Stone",0.0021014775991394564
"Unglazed ceramic flags and pavers",61330054,"6907","Stone",0.0020580192702979914
"Porcelain or china household articles",53728825,"6911","Stone",0.0018029489623548757
"Diamond dust",52424955,"7105","Stone",0.0017591957058199403
"Pearls",50638084,"7101","Stone",0.0016992346473878599
"Glass, cast or rolled",42128323,"7003","Stone",0.0014136772251878028
"Ceramic building bricks",37056969,"6904","Stone",0.0012435005568531751
"Worked glass",35427215,"7006","Stone",0.0011888117881485977
"Ornamental ceramic articles",23538099,"6913","Stone",0.0007898551879341552
"Gold clad metals",21421938,"7109","Stone",0.0007188443240426434
"Panels of vegetable fibers",20740132,"6808","Stone",0.0006959653308722673
"Mica articles",20530408,"6814","Stone",0.0006889277366538769
"Silver clad metals",19688025,"7107","Stone",0.0006606603484175739
"Glass envelopes",17689537,"7011","Stone",0.0005935981733955317
"Goldsmith and silversmith wares",14206317,"7114","Stone",0.0004767136540587744
"Asbestos fibres",9191004,"6812","Stone",0.0003084175230855972
"Bricks, blocks, and other ceramic goods",7430623,"6901","Stone",0.0002493453751780403
"Clock or watch glasses and similar glasses",5151746,"7015","Stone",0.00017287433896080699
"Worked slate",3907619,"6803","Stone",0.00013112584578814438
"Architectural ceramic ornaments",3864681,"6905","Stone",0.00012968499867217648
"Platinum clad metals",3155757,"7111","Stone",0.00010589602152278847
"Ceramic pipes",2143856,"6906","Stone",0.00007194020994574652
"Flagstones, of natural stone",2084888,"6801","Stone",0.00006996145283702244
"Glazed ceramic flags and pavers",1701260,"6908","Stone",0.0000570882566610354
"Ferrous waste and scrap",6353708942,"7204","Metals",0.2132079557683198
"Other articles of iron or steel",5795922880,"7326","Metals",0.1944906322143632
"Screws and similar articles of iron or steel",5190778950,"7318","Metals",0.1741841464375227
"Copper waste and scrap",4373139441,"7404","Metals",0.14674706207299584
"Waste or scrap, aluminium",3566921233,"7602","Metals",0.11969323609513001
"Base metal mountings, fittings and similar articles",3210873564,"8302","Metals",0.10774553808810264
"Aluminum plates > 0.2 mm",2992175018,"7606","Metals",0.10040678991002094
"Flat-rolled iron, width > 600mm, hot-rolled, not clad",2068454723,"7208","Metals",0.06941001029728254
"Interchangeable tools for hand tools",1938676505,"8207","Metals",0.06505511321030241
"Tube or pipe fittings of iron or steel",1854965167,"7307","Metals",0.0622460573639399
"Titanium",1850306397,"8108","Metals",0.06208972555252675
"Flat-rolled products of other alloy steel, width > 600 mm",1825739777,"7225","Metals",0.061265356844713646
"Flat rolled iron, width > 600mm, clad",1682086283,"7210","Metals",0.05644485466648897
"Unwrought aluminum",1634993374,"7601","Metals",0.054864583528681246
"Refined copper and copper alloys",1617355168,"7403","Metals",0.0542727078417385
"Other articles of aluminum",1549365155,"7616","Metals",0.05199120394901714
"Copper wire",1520667163,"7408","Metals",0.05102820103767358
"Other tubes, pipes and hollow profiles of iron or steel",1374463229,"7306","Metals",0.046122115131318836
"Nickel bars, wire etc.",1321401794,"7505","Metals",0.04434156141226187
"Structures and their parts, of iron or steel",1315903535,"7308","Metals",0.04415705932499664
"Other articles of nickel",1192459235,"7508","Metals",0.04001470607990662
"Aluminum bars",1030423559,"7604","Metals",0.034577363016687374
"Padlocks and locks",789858013,"8301","Metals",0.026504835811057358
"Tubes, seamless, of iron or steel",782063340,"7304","Metals",0.026243274208002654
"Ferrous products from the reduction of iron ore",780326572,"7203","Metals",0.026184994428695155
"Tanks etc. < 300 liters, iron or steel",772835151,"7310","Metals",0.025933608888093564
"Springs of iron or steel",768274075,"7320","Metals",0.025780555341111625
"Flat-rolled products of stainless steel of a width > 600 mm",762152704,"7219","Metals",0.025575143823315747
"Other bars and rods of other alloy steel",723966949,"7228","Metals",0.02429376520850354
"Aluminum foil < 0.2 mm",668182627,"7607","Metals",0.022421841051115575
"Aluminum containers, <300 liters",604767808,"7612","Metals",0.020293864455424675
"Nickel plates",603567503,"7506","Metals",0.020253586473275253
"Flat-rolled iron, width > 600mm, cold-rolled, not clad",592738012,"7209","Metals",0.019890187132953156
"Hand tools n.e.c.",587675488,"8205","Metals",0.0197203067681267
"Angles of iron or nonalloy steel",561805886,"7216","Metals",0.01885221460191176
"Flat-rolled products of stainless steel of a width < 600 mm",553218428,"7220","Metals",0.01856404994373496
"Other bars and rods of stainless steel",521074546,"7222","Metals",0.01748541517556429
"Articles for utensils, of cermet",505789336,"8209","Metals",0.016972497695815266
"Stoppers, caps and lids of metal",484054780,"8309","Metals",0.01624316301955082
"Copper plates, sheets and strip > 0.15 mm",457711342,"7409","Metals",0.01535917059635973
"Aluminum structures (bridges, towers etc)",455465304,"7610","Metals",0.015283801520607381
"Other bars of iron, not further worked than forged",439503943,"7214","Metals",0.014748194809447748
"Flat-rolled iron, width < 600mm, not clad",421083217,"7211","Metals",0.014130060524405715
"Copper wire, uninsulated",413662096,"7413","Metals",0.01388103400267441
"Radiators for central heating of iron or steel",404205189,"7322","Metals",0.013563693717218018
"Cobalt",388814490,"8105","Metals",0.013047236400461765
"Wire etc. used for welding",386804379,"8311","Metals",0.012979784198749407
"Chain of iron or steel",376894103,"7315","Metals",0.012647230456305747
"Copper bars, rods and profiles",369840901,"7407","Metals",0.012410549992380109
"Flat-rolled products of other alloy steel, width < 600 mm",348766684,"7226","Metals",0.01170337395284097
"Flat-rolled iron, width < 600mm, clad",346168869,"7212","Metals",0.011616200487598805
"Containers for compressed or liquified gas",345342177,"7311","Metals",0.01158845963371661
"Wire of iron or steel, not insulated",343042807,"7312","Metals",0.011511300925042635
"Tanks etc. > 300 liters, iron or steel",339981046,"7309","Metals",0.01140855907617606
"Aluminum tubes and pipes",336713079,"7608","Metals",0.01129889768470398
"Copper tube or pipe fittings",329514676,"7412","Metals",0.011057344789782821
"Handsaws",318110876,"8202","Metals",0.010674673674661607
"Nickel unwrought",308123806,"7502","Metals",0.010339542997721149
"Knives and blades for machines",307982489,"8208","Metals",0.010334800900001478
"Railway construction material of iron or steel",299296516,"7302","Metals",0.010043330427542933
"Wrenches",297130471,"8204","Metals",0.009970645633390745
"Copper tubes and pipes",294855966,"7411","Metals",0.009894321305999982
"Copper powders and flakes",281463314,"7406","Metals",0.009444911365868591
"Flexible tubing of base metal",274680998,"8307","Metals",0.009217320876134954
"Stoves and similar non-electric appliances of iron or steel",269968043,"7321","Metals",0.009059170808143049
"Copper foil < 0.15 mm thick",268512838,"7410","Metals",0.009010339285310311
"Other tubes and pipes, diameter > 406.4 mm, of iron or steel",261597345,"7305","Metals",0.008778279847410406
"Household articles of iron or steel",261040345,"7323","Metals",0.008759588901311515
"Other cast articles of iron or steel",254157263,"7325","Metals",0.008528617061713246
"Razors",249319451,"8212","Metals",0.008366277235270588
"Ferroalloys",241833870,"7202","Metals",0.008115087664373154
"Nickel tubes and pipes",239106157,"7507","Metals",0.00802355528258457
"Copper springs",238158040,"7416","Metals",0.007991739836009273
"Other metals",227747495,"8112","Metals",0.0076423988387829475
"Unrefined copper",215179289,"7402","Metals",0.007220654384733146
"Powders of iron or steel",200941676,"7205","Metals",0.0067428905478213895
"Aluminum powders",194070237,"7603","Metals",0.0065123094060425615
"Pliers, pincers and other metal handtools",187635156,"8203","Metals",0.006296370892374721
"Semifinished products of iron or nonalloy steel",185244151,"7207","Metals",0.006216137237837602
"Tantalum",181114599,"8103","Metals",0.00607756410705742
"Wire of stainless steel",178678490,"7223","Metals",0.0059958169221202215
"Cloth of iron or steel wire",178082182,"7314","Metals",0.005975806938841341
"Aluminum tube or pipe fittings",176332139,"7609","Metals",0.005917081697577896
"Zirconium",159164394,"8109","Metals",0.005340993014571649
"Clasps, buckles etc. of metal",158929489,"8308","Metals",0.005333110435229891
"Tungsten (wolfram)",149106191,"8101","Metals",0.005003475366232891
"Wire of iron or nonalloy steel",147436456,"7217","Metals",0.0049474449768533045
"Unwrought zinc",147072762,"7901","Metals",0.0049352406950750475
"Knife sets",146001961,"8211","Metals",0.0048993084082283025
"Nickel waste and scrap",140962939,"7503","Metals",0.004730216687235271
"Aluminum containers for compressed or liquefied gas",140831070,"7613","Metals",0.0047257916309137015
"Other alloy steel in primary form",137063109,"7224","Metals",0.004599352212684406
"Other bars and rods of iron or nonalloy steel",136388763,"7215","Metals",0.004576723550677221
"Screws and similar articles of copper",128305917,"7415","Metals",0.00430549188297233
"Hot rolled bars of iron",117537738,"7213","Metals",0.00394414995609227
"Sanitary ware and parts of iron or steel",115383447,"7324","Metals",0.00387185958452616
"Nickel powders",109961110,"7504","Metals",0.0036899051705279306
"Household articles of aluminum",108633792,"7615","Metals",0.003645365082208207
"Unwrought tin",102364081,"8001","Metals",0.0034349757997008206
"Wire of other alloy steel",89893170,"7229","Metals",0.0030164962210562103
"Other articles of zinc",89596337,"7907","Metals",0.003006535557495399
"Lead waste or scrap",89369180,"7802","Metals",0.002998912973576215
"Stainless steel in ingots",89300868,"7218","Metals",0.002996620664940834
"Sign plates and similar plates of base metal",87917285,"8310","Metals",0.0029501925226134737
"Aluminum wire",87521259,"7605","Metals",0.0029369032934936194
"Cermets",80969173,"8113","Metals",0.002717038506669044
"Tin bars and wire",63095379,"8003","Metals",0.002117257321324961
"Lead refined unwrought",60566466,"7801","Metals",0.0020323959630273295
"Sheet piling of iron or steel",60055312,"7301","Metals",0.002015243446219014
"Magnesium",59851786,"8104","Metals",0.002008413834916101
"Molybdenum",58711941,"8102","Metals",0.0019701646761080423
"Tubes of cast iron",56996641,"7303","Metals",0.0019126052868020725
"Nails and similar articles of iron or steel",51742843,"7317","Metals",0.0017363064443739694
"Ornaments, statuettes, etc. of metal",51406564,"8306","Metals",0.0017250221128422129
"Zinc waste and scrap",50109422,"7902","Metals",0.0016814946241445366
"Retail tool sets",45256745,"8206","Metals",0.0015186559809805854
"Iron and nonalloy steel",45166641,"7206","Metals",0.0015156324100518703
"Other articles of copper",44486759,"7419","Metals",0.0014928179795032075
"Aluminum containers, >300 liters",41700225,"7611","Metals",0.0013993117734049617
"Other articles of lead",40681397,"7806","Metals",0.0013651235162558785
"Safes",39157106,"8303","Metals",0.0013139737120906676
"Tin waste and scrap",37441630,"8002","Metals",0.0012564084168484083
"Zinc powders",36255743,"7903","Metals",0.0012166142516843621
"Bars of other alloy steel",34611684,"7227","Metals",0.0011614454578739595
"Other articles of tin",33808681,"8007","Metals",0.0011344995228824936
"Lead foil <2mm",32604823,"7804","Metals",0.0010941023146442228
"Cutlery",32166082,"8215","Metals",0.0010793797214981313
"Other cutlery",30073173,"8214","Metals",0.0010091491123259938
"Handtools for gardening",29590767,"8201","Metals",0.0009929612765202831
"Paper clips and similar office articles, of metal",25889553,"8305","Metals",0.0008687616510724282
"Aluminum wire, not insulated",24126569,"7614","Metals",0.0008096021557094038
"Zinc plates and foil",23662997,"7905","Metals",0.0007940463221996114
"Copper mattes",23086234,"7401","Metals",0.0007746921998570013
"Articles for sewing of iron or steel",21871655,"7319","Metals",0.0007339352328518971
"Bars of stainless steel, hot-rolled",21612850,"7221","Metals",0.0007252506542071519
"Hand-operated appliances, food preparation, <10kg",21022769,"8210","Metals",0.000705449626980978
"Zinx bars and wire",20346393,"7904","Metals",0.000682752845367724
"Anchors of iron or steel",16994362,"7316","Metals",0.0005702705639623262
"Scissors",16886018,"8213","Metals",0.0005666349232726707
"Household articles of copper",14252673,"7418","Metals",0.0004782691971420062
"Pig iron",13923208,"7201","Metals",0.0004672135193027411
"Nickel mattes",12419033,"7501","Metals",0.00041673873681028677
"Antimony",12356775,"8110","Metals",0.00041464957896069135
"Master alloys of copper",10965175,"7405","Metals",0.00036795241452404037
"Paper trays and similar office equipment, of base metal",9213927,"8304","Metals",0.00030918673773088417
"Manganese",9085716,"8111","Metals",0.0003048844309260642
"Bismuth",7424676,"8106","Metals",0.0002491458149330671
"Barbed wire of iron or steel",4096298,"7313","Metals",0.00013745724438597628
"Cadmium",872470,"8107","Metals",0.000029277001333748847
"Paintings and drawings",8267795106,"9701","Textiles",0.27743790427811177
"Raw cotton",5707190862,"5201","Textiles",0.1915131001395271
"Seats",3906668811,"9401","Textiles",0.13109396081259184
"Other furniture and parts",2571649422,"9403","Textiles",0.08629544117027342
"Nonwoven textiles",1834295203,"5603","Textiles",0.06155244662248571
"Lamps",1449181727,"9405","Textiles",0.04862940313618056
"Sculptures",1415771463,"9703","Textiles",0.04750827307590468
"T-shirts, knit",1091634800,"6109","Textiles",0.03663139534375583
"Textile fabrics impregnated with plastics",912935014,"5903","Textiles",0.030634863803344552
"Cotton yarn of > 85%",899800737,"5205","Textiles",0.03019412401258174
"Used clothes and textiles",859434800,"6309","Textiles",0.028839586215996162
"Other made up articles",822602349,"6307","Textiles",0.02760361968757428
"Artificial filament tow",788131377,"5502","Textiles",0.026446896025763996
"Medical, dental or veterinary furniture",767811130,"9402","Textiles",0.025765020547499868
"Women's suits and pants",734780405,"6204","Textiles",0.0246566264710506
"Other knitted fabrics",669006995,"6002","Textiles",0.02244950391979358
"Sweaters, pullovers, sweatshirts etc., knit",657584942,"6110","Textiles",0.022066220298677497
"Synthetic filament yarn",636714703,"5402","Textiles",0.02136588903795947
"Textile articles for technical use",575224294,"5911","Textiles",0.019302488822128826
"Antiques >100 years",565559906,"9706","Textiles",0.018978186209585284
"Prefabricated buildings",491065394,"9406","Textiles",0.016478414381120157
"Carpets, tufted",472171636,"5703","Textiles",0.015844406818492755
"Yarn of synthetic staple fibers, not for retail sale",463342404,"5509","Textiles",0.015548129081676616
"Leather footwear",448935434,"6403","Textiles",0.015064682224013567
"Woven fabrics of synthetic filament yarn",432579660,"5407","Textiles",0.014515840410297916
"Mattresses and bedding",418040193,"9404","Textiles",0.014027947422858808
"Activewear",389495887,"6211","Textiles",0.013070101669041559
"Men's suits and pants",369226848,"6203","Textiles",0.012389944549786102
"Original engravings",315247478,"9702","Textiles",0.010578588185114628
"Parts of footwear",301370742,"6406","Textiles",0.010112934101444038
"Women's suits, knit",288626097,"6104","Textiles",0.009685268979820192
"Narrow woven fabrics",274713481,"5806","Textiles",0.009218410890501436
"Collectors pieces",274617777,"9705","Textiles",0.009215199403418048
"Brassieres",259340308,"6212","Textiles",0.008702541684196404
"Rubberized textile fabrics",257572557,"5906","Textiles",0.008643222225206712
"Textile footwear",254250779,"6404","Textiles",0.008531755127270488
"Synthetic staple fibers",252894096,"5503","Textiles",0.00848622965361469
"Other headgear",242206193,"6506","Textiles",0.00812758150481189
"Woven fabrics of cotton of < 85% weighing > 200 g/m2",236055511,"5209","Textiles",0.007921186413728569
"Garments made of textile felts and nonwoven fabric",234639958,"6210","Textiles",0.007873685471496755
"House linen",225679986,"6302","Textiles",0.007573020563598084
"Artificial filament yarn",199381002,"5403","Textiles",0.00669051985911055
"Bags for packing goods",195894485,"6305","Textiles",0.006573524704137727
"Woven fabrics of > 85% synthetic staple fibers",195297198,"5512","Textiles",0.006553481869088235
"Other footwear of rubber or plastics",194487920,"6402","Textiles",0.006526325367334165
"Twine and ropes of baste fibers",191736601,"5607","Textiles",0.0064340008518407165
"Socks, stockings, etc., knit",187832054,"6115","Textiles",0.006302978091485994
"Hats, knit",179080342,"6505","Textiles",0.0060093016511538495
"Synthetic monofilament >67 dtex, thickness < 1mm",170093462,"5404","Textiles",0.005707733806131968
"Women's undergarments, knit",164510259,"6108","Textiles",0.005520381299251972
"Men's shirts",159462855,"6205","Textiles",0.0053510083080431405
"Tents, tarpaulins, etc.",148030374,"6306","Textiles",0.004967374760201887
"Other footwear",146104012,"6405","Textiles",0.004902732878139142
"Felt",143662770,"5602","Textiles",0.004820813447912311
"Men's suits, knit",134837181,"6103","Textiles",0.004524657957266077
"Men's overcoats, not knit",130366865,"6201","Textiles",0.004374649994248118
"Women's shirts",129337705,"6206","Textiles",0.00434011503179366
"Curtains",119057838,"6303","Textiles",0.00399515912514958
"Other woven fabrics of synthetic staple fibers",118615249,"5515","Textiles",0.003980307406760062
"Other garments, knit",118463435,"6114","Textiles",0.003975213066919745
"Woven carpets and rugs",115367137,"5702","Textiles",0.0038713122787256706
"Wadding of textile materials",110533063,"5601","Textiles",0.0037090978863162575
"Men's shirts, knit",99387226,"6105","Textiles",0.0033350830953036755
"Other clothing accesories",93859898,"6217","Textiles",0.0031496055554134017
"Synthetic sowing thread",92915034,"5401","Textiles",0.0031178992679900966
"Womens overcoats, not knit",90237163,"6202","Textiles",0.003028039407091031
"Gloves, knit",82283322,"6116","Textiles",0.002761136690017176
"Wigs",78496812,"6704","Textiles",0.002634074833081977
"Tire cord fabric",77717394,"5902","Textiles",0.002607920327109797
"Woven fabrics of < 85% synthetic staple fibers weighing > 170 g/m2",76850268,"5514","Textiles",0.0025788226514779377
"Pile fabrics, knit",73038100,"6001","Textiles",0.0024508998029897666
"Women's shirts, knit",70676366,"6106","Textiles",0.0023716483794818406
"Activewear, knit",70167084,"6112","Textiles",0.0023545586803595166
"Babies' garments, knit",69793150,"6111","Textiles",0.002342010780469854
"Men's undergarments, knit",69142537,"6107","Textiles",0.0023201785138374717
"Synthetic filament tow",68718194,"5501","Textiles",0.0023059390665476315
"Woven fabrics of < 85% synthetic staple fibers weighing < 170 g/m2",66923742,"5513","Textiles",0.00224572361662116
"Cotton yarn of < 85%",61417100,"5206","Textiles",0.002060940225583672
"Men's overcoats, knit",61065044,"6101","Textiles",0.0020491264738425755
"Other clothing accesories, knit",60406392,"6117","Textiles",0.002027024446858867
"Used or new rags textile scraps",58593661,"6310","Textiles",0.001966195618469664
"Artificial staple fibers, not processed for spinning",57598811,"5504","Textiles",0.0019328119780271501
"Other textile fabrics impregnated, coated or covered",56241878,"5907","Textiles",0.0018872781152573037
"Woven pile fabrics",48648680,"5801","Textiles",0.0016324772992138649
"Headbands",46995629,"6507","Textiles",0.0015770067657493848
"Women's undergarments",46362653,"6208","Textiles",0.0015557663343348594
"Other carpets",45331572,"5705","Textiles",0.001521166909928057
"Woven fabrics of cotton of > 85% weighing < 200 g/m2",44465671,"5208","Textiles",0.0014921103409550327
"Articles of yarn, rope etc not elsewhere clasified",44370313,"5609","Textiles",0.0014889104644054852
"Other furnishing articles",43623398,"6304","Textiles",0.0014638466439289106
"Artificial flowers",40589014,"6702","Textiles",0.0013620234701635018
"Blankets",40330910,"6301","Textiles",0.0013533624145945472
"Umbrellas",40013248,"6601","Textiles",0.0013427028036077152
"Textile hosepiping and similar tubing",38866650,"5909","Textiles",0.0013042270380509925
"Women's overcoats, knit",36105314,"6102","Textiles",0.0012115663875358704
"Transmission belts or belting, of textile material",36026140,"5910","Textiles",0.0012089095886733327
"Gloves",35915289,"6216","Textiles",0.0012051898219480042
"Woven fabrics of cotton of < 85% weighing > 200 g/m2",35090861,"5211","Textiles",0.0011775249398826267
"Rubber textiles",33083705,"5604","Textiles",0.0011101718974983132
"Gimp yarn",30503223,"5606","Textiles",0.001023580066311321
"Carpets, knotted",28147069,"5701","Textiles",0.0009445158878289464
"Carpets of felt",25900611,"5704","Textiles",0.0008691327183649982
"Labels and badges of textiles",25185719,"5807","Textiles",0.0008451434762850569
"Yarn of synthetic staple fibers, for retail sale",23346359,"5511","Textiles",0.0007834210730239199
"Braids in piece",21705839,"5808","Textiles",0.0007283710355119806
"Nets",21470470,"5608","Textiles",0.0007204728859745487
"Embroidery in the piece",21215863,"5810","Textiles",0.0007119291773328972
"Quilted textile products",18580644,"5811","Textiles",0.000623500566403329
"Waterproof footwear",18245454,"6401","Textiles",0.0006122527778523654
"Waste of man-made fibers",17815684,"5505","Textiles",0.0005978312196747716
"Woven fabrics of combed wool",17176860,"5112","Textiles",0.0005763945501044359
"Hats",17161758,"6504","Textiles",0.0005758877805030258
"Garments knit with impregnated fibers",16573978,"6113","Textiles",0.0005561639666825496
"Human animal hair prepared for use in wigs",16434020,"6703","Textiles",0.0005514674721868434
"Shawls, scarves, etc.",16320652,"6214","Textiles",0.0005476632438612797
"Metallised yarn",16095958,"5605","Textiles",0.0005401233094936965
"Synthetic staple fibers, processed",15107126,"5506","Textiles",0.0005069416118045455
"Cotton, carded or combed",15060098,"5203","Textiles",0.0005053635187827528
"Woven fabrics of cotton of < 85% weighing < 200 g/m2",15005885,"5210","Textiles",0.0005035443226232212
"Woven fabrics of artificial staple fibers",14945408,"5516","Textiles",0.0005015149288221035
"Cotton waste",14441539,"5202","Textiles",0.000484606870797146
"Woven fabrics of carded wool",14007678,"5111","Textiles",0.00047004803315727113
"Men's undergarments",13779784,"6207","Textiles",0.00046240071812987384
"Babies' garments",13385475,"6209","Textiles",0.00044916910544530106
"Stiffened textiles",13355936,"5901","Textiles",0.00044817788128584846
"Synthetic staple fibers sewing thread",13320549,"5508","Textiles",0.00044699041897058563
"Wool",13088842,"5101","Textiles",0.0004392151531757285
"Yarn of wool or animal hair, for retail sale",8969946,"5109","Textiles",0.0003009995999927277
"Parts of umbrellas or walking sticks",8440238,"6603","Textiles",0.0002832244766962276
"Postage or revenue stamps",8045254,"9704","Textiles",0.0002699702134037253
"Other woven cotton fabrics",7886073,"5212","Textiles",0.00026462866315064213
"Textile wicks",7471030,"5908","Textiles",0.00025070129090338654
"Woven fabrics of artificial filament yarn",7461626,"5408","Textiles",0.0002503857259893579
"Woven fabrics of flax",7331670,"5309","Textiles",0.00024602486316848305
"Synthetic filament yarn for retail sale",7186542,"5406","Textiles",0.00024115488179426466
"Lace and net fabrics",6802499,"5804","Textiles",0.000228267759688958
"Linoleum",6718785,"5904","Textiles",0.0002254586145153091
"Textile wall coverings",6389505,"5905","Textiles",0.00021440914462043958
"Cotton yarn for retail sale",5947932,"5207","Textiles",0.00019959151959041276
"Yarn of artificial staple fibers, not for retail sale",5795991,"5510","Textiles",0.00019449291808015898
"Artificial staple fibers, processed",5440597,"5507","Textiles",0.0001825671548882941
"Handkerchiefs",5311706,"6213","Textiles",0.00017824202969326367
"Cotton sewing thread",5087515,"5204","Textiles",0.00017071897422314493
"Woven silk fabrics",4190571,"5007","Textiles",0.00014062071218055546
"Terry cloth",4189543,"5802","Textiles",0.0001405862161435902
"Yarn of other vegetable textile fibers",3959756,"5308","Textiles",0.00013287537874462157
"Wool, combed",3827592,"5105","Textiles",0.00012844042326847505
"Ties, bow ties and cravats",3374964,"6215","Textiles",0.00011325183161524675
"Hemp fiber",3230751,"5302","Textiles",0.00010841255439844399
"Walking sticks",3026423,"6602","Textiles",0.000101556030817665
"Feathers or down",2877000,"6701","Textiles",0.00009654192446410239
"Hand-woven tapestries",2815152,"5805","Textiles",0.00009446652476154565
"Gauze",2754950,"5803","Textiles",0.00009244635898588075
"Woven fabrics of jute or of other textile bast fibers",2712091,"5310","Textiles",0.00009100816282995202
"Needlecraft sets of woven fabric and yarn",2606783,"6308","Textiles",0.0000874743995412952
"Animal hair",2445965,"5102","Textiles",0.00008207791736942587
"Woven fabrics of vegetable textile fibers",2312979,"5311","Textiles",0.00007761537848628959
"Artificial monofilament >67dtex t<1mm, strip, straws t<5mm",1991081,"5405","Textiles",0.00006681362235102868
"Yarn of combed wool, not for retail sale",1734644,"5107","Textiles",0.00005820850539454587
"Woven fabric incorporating metal threads",1612311,"5809","Textiles",0.0000541034434392219
"Vegetable textile fibers",1610081,"5305","Textiles",0.000054028612541913966
"Hat forms",1416289,"6501","Textiles",0.000047525639783572864
"Wool or animal hair waste",1326457,"5103","Textiles",0.00004451119621094192
"Silk yarn, for retail sale",1134315,"5006","Textiles",0.000038063591605317454
"Flax, raw or processed",1047412,"5301","Textiles",0.00003514743489287258
"Textile bast fibers",860483,"5303","Textiles",0.000028874760093376516
"Raw silk",653984,"5002","Textiles",0.000021945385446204916
"Silk yarn",480647,"5004","Textiles",0.00001612880999926918
"Yarn of carded wool, not for retail sale",441687,"5106","Textiles",0.000014821450466032673
"Hat shapes",330152,"6502","Textiles",0.00001107873112466887
"Silkworm cocoons",312430,"5001","Textiles",0.00001048404360803598
"Yarn of textile bast fibers",259134,"5307","Textiles",0.000008695618718832364
"Yarn of animal hair, not for retail sale",200568,"5108","Textiles",0.000006730351305497425
"Flax yarn",157603,"5306","Textiles",0.000005288598165212351
"Woven fabrics of coarse animal hair",139059,"5113","Textiles",0.000004666327241589718
"Silk waste",77854,"5003","Textiles",0.000002612504340364348
"Yarn from silk waste",76800,"5005","Textiles",0.000002577135835538083
"Garnetted stock of wool or animal hair",51748,"5104","Textiles",0.000001736479495018551
"Yarn of coarse animal hair or of horsehair",39229,"5110","Textiles",0.0000013163862199521284